ywylu,1609
zpscs,8793
ovtgw,8539
gepsk,4070
vzbqn,9366
utznq,8767
bjcyb,2996
medca,4592
bxvai,7539
ecikg,5022
qaohs,711
jejta,6050
mqonv,2202
sddwk,7235
hvcpq,8801
zjqfu,8
aytlk,1890
nvsci,3251
shbsc,6700
akwkh,5148
hjyuo,3437
zviyy,5259
ipjwe,2033
jndmx,1614
oamnw,4867
ngoqg,4454
apimy,5326
spwqv,958
fewln,4534
swrzg,4019
orcik,3991
smcdp,2715
kvbvd,8179
uqudx,2692
hvopj,8500
jbuez,1179
ttmuw,8084
ggshr,3760
dpvac,6194
lnqbi,8433
udyio,1015
bpzvz,6759
qytst,648
zpeyw,2176
chcuu,4113
jkvyo,1703
oewon,7016
vtxnj,9419
dlilw,436
qyicn,8123
eibfc,6304
eifqe,9587
cknef,8309
aajnj,3754
bjwbc,3978
ssjxc,3096
fnbcx,1182
knqot,143
nukbx,857
udetj,3957
sodqn,7159
nhbaj,4998
hiqsa,6708
lvrdk,7445
yzhaw,9891
nsfqf,3588
bylul,9474
fnekm,6422
pkusc,5001
swbmn,3980
tpzac,5571
znnns,2328
deawg,8731
ttjms,3439
yvthf,9177
vlnst,9427
nfksr,7986
wczhf,5778
nvmez,949
klfay,3350
dtuzf,3450
fqqac,1977
yhqyh,9088
sjpco,7482
kqelk,9964
vxxtb,8864
xxqrd,8197
knzug,3266
mvgwi,837
ycons,3169
bsako,3841
sjkyz,2961
dqpsp,5273
igcpo,756
amubj,3260
fvbpx,5919
jpovj,597
vaigi,3335
ywumu,5152
zmhji,1936
wgfyq,3450
vuwsx,7456
qfohi,3952
mhuzi,7720
aohzv,6643
lussl,3105
ztoir,6558
lzteu,5052
cvbke,849
skkso,1679
wsayc,1900
ulavy,1669
alkey,2800
cgccl,5673
jmscv,6318
vdecw,8444
kltrj,4184
ryywa,4868
zkduc,151
zxyga,8912
olgej,7918
vptwe,6328
rqoco,3480
foneo,9687
vzpme,970
sstue,8006
gmdyf,1450
wwaxw,2841
pioty,5414
szfyw,8282
silrv,2106
einfy,3787
rdywt,1897
bddni,6206
ujitp,2167
ihkbp,728
uqfgs,2206
eqxac,9787
niocs,8670
dpdoj,4217
qxsaj,99
albhi,2099
mdrgn,6909
hdjsa,7902
nekau,2086
hdqiz,7538
palsb,7613
kzxdk,3983
rjkfm,2353
pfeqk,3007
vdnyh,8774
gjiiz,9464
wjdzg,8484
gcunr,1364
umuqd,66
mjmof,1734
jxvaf,7182
xcapn,6906
bxooi,286
vzacd,4541
cnjnf,1661
cuzda,5216
bcoav,736
gpzhn,7912
inuix,4879
mictx,2175
yhwhv,9987
psskw,8077
rqqfr,5312
ilqbm,9432
tujsb,7952
blvjj,5940
vqzhf,4434
qluoo,6144
dmvcq,9691
dugyp,5168
quacu,7582
qjzsk,9301
zllnb,1885
ttvzj,3444
kcjaj,2393
gahoo,7416
wrpnl,7407
jlxjr,2931
fwonw,1494
vtwca,4913
pvtbl,5920
wphmj,8523
xrnjo,8612
rbhuo,6991
jqynd,925
ykqwj,4914
dhmqi,9798
vfepl,7296
bglqh,6202
qmgha,6054
kpddy,3938
sxtig,3173
ulcqd,7061
deuwg,3045
buivd,9227
rgxqd,5843
xctmd,4339
zzjku,9030
osgbr,4798
ttlnk,5267
poxma,1574
nizry,2123
uidav,9169
xgwed,2034
jhhls,8276
pfnsm,9950
yqylh,9704
ollwn,1064
qbojk,4742
mlcvh,1842
jvspu,9756
liezd,4433
ibljy,6324
torso,7237
lqxwk,2675
gwtky,3119
jydfs,7601
jgyrv,1357
dmmck,4364
kzfte,9989
iblqm,9362
lmkhz,1698
fkxvs,8563
pyfof,8813
hwmuh,3854
dhuqn,1394
vlybp,1530
fmjab,6622
jymoh,6199
dqbzo,8025
ijnae,5310
xcfwd,9209
crcfu,2436
ftmtx,8890
fgifx,1275
kvpwl,2087
kpmei,7097
ssgyx,6337
xhftr,8097
uantg,1691
erynj,5752
raupr,9177
evzoy,854
dvcny,4147
qitit,465
jxboe,8752
eikdo,431
wemmt,1399
xpqpk,8570
gdwwl,706
cwbux,4911
anlsl,7014
pfsrm,7713
jcpyh,6011
cwbaf,7126
fvygx,6448
dyprf,2585
ehdja,7310
raxpx,5048
xqows,9098
dccsf,1269
ylhxn,9127
kpfdz,4209
tkdwx,1936
ppfiv,1643
ovrzv,3000
llnij,3812
atcbf,7029
xshtt,761
yxpvf,1087
ryxre,737
jhlhe,7747
kpiqc,2635
rogza,4310
cbypt,8095
udsyc,979
zukay,2367
rdhwl,3582
zjgfu,7531
aoeki,5136
sxpvb,7043
uqjvk,5173
uhsiv,6945
djvfl,6272
zuept,6322
qdgka,3780
vzvfz,7816
rreoj,7106
ataqz,8163
zneai,9339
pjfjp,8798
qujht,6272
ecvqd,7596
dltqg,6144
kecil,4787
xefrm,7574
dtrue,8988
gqugi,5331
lkaym,3115
ynnjs,1578
gpreu,4727
zdlda,4275
uwibh,1075
njnqe,4327
kkktn,5748
wbtwu,8946
jqfnl,1438
emzpy,492
wqogu,1833
gesfe,7810
mxlpc,5144
ayeue,764
syqnj,2126
zzbwe,8284
goqke,2862
paczg,5786
dpfak,8772
qqmqj,9348
ytggl,9582
yagko,1434
bdjen,9128
hfgjf,6326
apgeh,8920
xhhdz,2753
rukuk,4472
hobgs,6420
mscej,6327
ujzgg,6350
ghfbn,5624
gftme,6043
ddfdr,2875
mintp,3548
quaar,8433
gdrlb,3496
deckn,3790
hpydk,9109
uonsu,4545
bovsp,3056
nlfeo,8437
rfhzj,2823
ifykk,5380
zwnwq,9030
rkllg,901
woytu,3786
pnove,9757
jqhmg,818
ctqqg,2886
gjbos,9642
yzpwn,8089
yflgm,2551
bmgyh,3067
pixja,5627
yqwmt,8584
rvbqn,3352
igqez,9615
yhtxa,692
obvvp,3373
xwsul,6782
tvafk,5045
prtoa,526
geupj,5006
ocnvb,516
ookbs,5082
arotm,9780
nnzbg,6233
qohcv,9810
ipaot,5725
kbyjc,8292
bjvwv,8516
jsosy,814
qoagg,5177
deoyp,8623
ebkwu,7176
duizi,2283
cvglw,9834
fekxl,4708
yhioz,3643
cwqoc,6741
tguwc,6005
yecqd,3922
mclbm,7691
buoxe,4655
fsivs,1547
xtstx,7373
oskyw,5138
lxeay,7672
boeql,4086
gjpxi,5723
odkhz,8895
dmwda,9470
perxk,5019
xkvsv,339
pjiqj,3827
zxiro,5288
lftpi,959
vsdkd,2081
xwkuh,8339
muukl,3677
esagq,6822
biffo,2536
yyvrq,8120
xnaye,6538
pbgtm,7211
smuny,4995
gbari,9980
yshrb,5993
hvciz,5306
evgnb,4982
qxyeb,6196
niecw,9146
ytobp,912
gakzh,2642
rwtcl,2317
idzdy,4298
fjklx,1867
kpjvt,1786
bwfxy,3840
jogkw,4652
lgoko,5472
pbhjx,2902
wqjdw,9693
pzhcg,8078
yokwr,9134
qxdvt,9939
ftsrv,2956
gagxx,3993
hsduj,1902
ubllb,3164
qsczc,1752
idpts,895
wcvpz,1063
rtfcs,2896
spnep,5731
xupge,627
qeynn,499
ubgjw,1428
boueb,6076
semem,7908
zsgkj,9956
aoimf,2940
ebdbz,9474
gsxth,6193
xkkre,6939
lmhnd,3694
nhono,8968
rnaos,3423
awteh,5380
ywzvh,7346
koxda,7118
qxlug,3705
mwhpp,7785
vnimh,2639
fnwix,9416
jaztr,3490
tdesk,17
bcikw,3324
vhnyx,8373
odfux,3297
zqwrg,413
lijkk,2580
vaslm,1207
uvinr,8536
liywy,7408
xmpvh,6758
oqauu,6565
fufrj,5495
nnhzg,2342
rfzop,5739
ujllc,8214
jeisc,1033
rpyfr,6633
guypq,9730
eohiw,6118
wjaoq,7039
wbriv,4995
gbqqu,4778
jhrrg,7843
qdfzr,3214
bfwux,8885
kznch,1833
roblp,5714
raqcm,4231
ovnbp,6853
ubopg,6638
kmuom,7648
paket,9819
ggfox,972
ihehy,278
jfyia,2111
ostfq,8836
xspre,1042
stbpw,2663
gwqll,103
jkdjq,884
ablzm,728
jrnzj,3783
zrmqk,9626
nvveo,1512
azosn,2325
qgzxf,7
wwkax,545
ppwwe,9573
rmgcb,9333
gyfnl,5257
lohju,284
wrgfj,7783
haoko,8505
qqfzf,9341
izlgt,3279
zywmf,41
nbcau,5561
rjbbl,8269
gvkiw,9626
acync,1554
olvdt,1249
bwmds,3839
pupra,843
pqtvl,342
ivbrd,6924
nozsm,2310
gbppf,3188
gxytj,1155
lufhp,1325
qsgll,4460
njrkg,1447
kiciz,5374
gfvbs,2745
ohwtm,1838
zpzlb,8640
wvsbp,2938
acyxl,3249
nyqwf,6513
fgqmr,9561
nadmk,4864
ukvug,4140
ifnvp,4119
pmjja,8588
iyfdb,7401
gnwrw,4347
wzzuf,2517
rqruj,4684
sclkr,1389
uvtbd,5908
gyhnh,854
lsgng,9042
zmwiu,2858
kydds,3237
wksxp,6349
okcig,3264
nllpf,3441
wghyw,5347
moyli,8592
tqgfk,8550
rubso,1645
fbpro,2717
mjkgl,3673
nzbmy,8787
tooty,8529
pavde,2973
pqueg,2938
nsfwe,2992
rzvul,3866
fthbt,2071
wlcsp,3674
qkibq,5030
oeoxx,1316
hkube,158
gapid,1545
fczyn,1038
avxpi,3681
umuww,3790
bmjxc,7062
bzljt,7482
vpsqe,1801
ttuix,8686
jurnu,900
mzupm,5279
uvvie,3126
fxoxx,9704
vefbp,5380
dgjru,7918
hklss,8539
aphoc,7212
ovizt,1893
kiyyv,4004
vdugk,8476
lcofy,1533
jgkoa,6597
vqhds,7151
ufklp,1896
qaiqg,9648
gyxfj,9179
yvogg,8664
oichv,4154
drdre,843
lnnto,1985
cdxcl,934
hncxz,2347
puqgb,454
locws,9331
fxovc,1977
zxtrn,9164
gxvet,3429
iuwuv,9290
yzbfh,4041
fuhpp,8814
cdrab,1845
rrurm,2774
gzlnc,1719
edloq,1076
vwgoy,3099
yfsde,7193
pbptf,7497
jrmbv,2035
uogsl,7916
pqzkb,4521
ecnhi,5159
qbmmx,2544
kancv,9883
fvnek,6054
xnuqb,3985
cdlym,7985
okdam,674
natui,8682
cisef,9173
cfvxf,5366
qhkou,7646
jilek,9954
chtvo,6408
hxxyx,6325
laywx,2992
onzqn,1778
hvlhz,1014
ojfot,7080
pssyg,6125
icaul,5018
yfrfn,4618
mdvif,8894
tegnt,3473
dvvcd,9832
hsfiv,4750
ixsse,5101
awczx,2371
iszif,9028
vryhp,5313
qandj,3244
ytzwj,8223
rnqtq,4255
znrgs,8361
nntqq,3398
rkoaz,6614
oeadj,7334
nnzyg,92
nlwiq,6205
ivwmx,4552
suayk,1522
whtzw,6510
vdaqp,6706
hviti,7531
uagjk,40
drevl,6675
aeica,2498
gckev,1572
opoei,1631
fppvy,3966
dpaln,7284
tabhq,1942
kfdai,5492
cwiph,8294
trmnt,3380
cirhy,2723
vixmr,356
jwbrv,4697
sdsag,9204
xfvku,3906
dqfmz,5045
uagfr,6237
ilbgy,337
vrrur,5204
xsfwr,290
zyttc,1632
ovoxp,5184
kqfra,8241
hmlyl,4128
edaxs,564
shjnk,8805
dsugj,1325
fxxyj,5675
lqrnc,2074
ydrbk,961
pnfwn,3454
sghvn,4588
vjerb,3987
psojg,6938
lglxg,6766
gddoz,6015
btsvt,3793
aqmss,2198
aekrl,9084
drhqr,3335
jstkk,3910
ppfuc,4413
mezfo,758
vshjy,3495
rbekc,6768
zpomp,8937
ftpbq,2465
ihicz,2262
zhcdl,7633
svklx,6272
ktttq,3168
kaera,9168
wopkg,5605
bnqyz,2582
usciw,9892
usxsk,4472
fopeh,5725
idqhe,6807
sdpox,3509
fiqhj,2946
qcpnh,7611
dkene,432
jpiwl,7214
bwmkl,1772
kqgpd,8559
ratne,8478
wlgro,6858
mqfgo,2375
trran,1538
hyydl,2744
ksvjp,4834
krxvr,8478
tmcgp,1006
vzzqe,880
jrgjv,1685
autaq,5200
grkeu,1984
rpywf,7337
syard,2120
nwmos,6492
mxldg,301
anfwz,4738
rpwkq,4606
bfyed,716
hohbz,4466
nqyof,6741
lpdma,6237
kdmak,6679
nwwro,2068
orrkk,5945
sfjxe,7038
tynvv,4914
iihms,6154
qasfq,2878
enunw,392
ekjjh,1527
adjxn,9509
hkmku,4646
cforb,8779
snxna,4408
fuvda,7263
rxyrv,4282
vsbft,6487
enbac,4101
vpzse,760
ielpv,4349
wggku,3496
zydrc,4160
kglan,8120
gnovx,866
pxxfv,7193
yfdgp,8277
ouphg,9412
gvqmj,6087
czmcf,1125
lobns,3989
cdegk,6888
ooxaq,1218
ofzmy,2434
pzlgq,5278
lbgej,3188
efepg,2605
zwixo,2193
lcoxg,8865
tfezt,2955
silik,7446
ovjbr,5287
atujm,1491
cbqsn,5792
skcwi,7604
tukfr,9047
ymfid,8006
vqkob,985
hmwyu,2550
qredu,2295
ggsuh,2568
aqdeg,6923
wrxfp,5007
yukml,8999
uxjof,7744
ujnbv,643
ungam,5345
qmcjj,3196
ceqnt,8832
whbft,5443
durqj,3276
vaauo,4386
nrvgt,3200
voobh,6969
njsdh,7916
kmfbl,5060
oaupf,6955
mdiyx,724
glvwp,9759
zfssu,4546
hhpmb,3734
sqgli,6428
yvzbt,617
mlgta,5853
rswso,2937
qyhoh,7144
fqyye,87
vjdla,4701
rhjki,7191
vwtvu,3619
oqxzc,9599
xuiva,2397
hfdcx,1367
ybiea,6755
ckxip,7596
vsnle,6761
yibbc,7934
cveyj,3648
uxmfj,1894
smmdc,7760
tjjuy,5977
xjgpo,5119
vqrqj,7802
cblly,7043
pxjfi,3664
xmqjl,5170
rsuiy,3020
rmawx,3053
gbnbb,6483
lgohg,5297
ctnku,2905
zkqrc,5894
rtuck,6036
eurph,9084
rltss,2136
ouanx,8639
oqsic,6717
renvc,5011
bbwas,1339
eyduy,4242
njfml,54
mlwfa,7906
agsoz,9734
ruxfm,9761
lshkv,9045
sqgeg,1969
enlak,7353
hgqte,2046
ahttg,7265
buill,796
hypil,2872
boomf,1584
ttjuh,77
grnbh,2346
vjohq,5641
obfpu,3678
gaasi,7732
asfuc,9252
peasw,2935
rnzfu,8645
csvru,2667
yrgdq,7443
afarn,6003
rxwyq,5200
ywxbd,5809
kfxho,8469
bifvq,954
lrmoi,3722
wzkyo,9194
ltfou,3496
gyluz,3050
qorpt,8568
gdpis,4691
oslmq,9362
ijpcd,5447
mhaao,1120
ilcoz,1147
jiibn,9661
vznuu,5945
dkays,7748
ubhlz,4761
drueb,6252
hhhnc,7806
rnnyd,9363
vehmf,9981
xqwkt,9152
uletc,3183
smebj,1741
wrxrm,729
poube,5216
nzfdq,226
wgdot,8303
wvrpl,4277
ncktu,8553
huzsr,7413
fmtat,9525
pbqnl,2550
mxiut,8101
xjggf,1166
hnkur,5652
uwscz,8185
wmyxy,287
hcjiv,5298
ojvto,1915
papum,5139
pkpgy,7207
tyvam,3356
msqpy,7911
yjvgh,6154
elntn,3253
zadps,7410
jzwdi,5332
uncjq,1876
mmndq,5621
atuju,9339
phzdw,729
kacie,8954
votmh,6624
kjqrh,3173
bmilu,2484
xgzsb,6892
zwcqq,8235
spikz,9550
crmfg,3668
pgzdi,5988
emkdi,1813
vfnye,5833
vkbkn,4970
vbaqy,1150
ljeqg,8408
lwohh,7943
xnkrf,4380
cschb,8891
vertl,7601
gtvkm,2478
bufir,2790
aqzye,7319
hxsty,5303
kofoa,145
aoghi,7209
gajrh,1418
yueuo,3427
vyzyz,4091
qxcvn,5769
junhf,8426
ruaga,6888
nsixe,9159
gzujj,1192
pqheq,620
yrdra,5843
hethg,645
qyrwq,1904
ifods,5305
vzflw,3599
rexhp,3601
xless,2486
ifauz,4316
rlcva,3138
ejjmu,6235
ykteu,7614
nwrmg,7837
usjcv,7664
fabrq,3476
fpxpf,6204
axhdt,9843
pqrhp,3120
kaugo,9247
kmzay,4910
prjcz,4968
yflls,3097
vucys,8498
thudm,2668
jitzd,9103
kpzbt,9064
lmnbh,2574
oblhu,477
lwjni,8530
twpab,1353
nwmqq,3942
ycciw,3070
wgbny,4899
vjdlj,8824
pdfoc,8863
gocjc,1676
ttocl,5844
mbghz,7644
tliqf,9039
bsfry,9551
bctox,3555
uakhf,2109
gbkez,5804
svwou,4447
byhic,6106
tulus,2929
xozvx,2910
pouql,4701
hhmhh,8831
bsjtr,926
fmibv,6459
gnmwc,8141
vjwcw,5577
nbjkt,6554
zyzsh,3040
gomku,5458
bafek,2119
owqem,8182
voowx,9627
bnajd,2256
hiazx,6548
tqycu,4569
krkvm,1287
xovog,6432
zgzow,3940
uaxzf,9453
eiced,5255
wbeol,90
dnzsk,5103
hyene,8698
eyhma,2435
piegl,7644
lzftn,1718
vaitc,2914
gmwpv,9876
euimj,4311
eetqz,2664
shfhc,986
gjmuj,282
dgjak,1667
tsuqy,8850
cmesd,2443
atzqb,7101
gmeua,9435
qbddh,6333
izxei,9096
youjd,6270
ahoem,5200
wivia,63
agxeq,8873
pwlep,8138
trhwg,6224
nqumg,3017
xzzwx,7281
vcgll,5653
zwwdi,37
vxbex,8064
lmpwl,4423
gdctq,7352
zdbkj,2994
rabfo,2343
ymurd,8012
rxybz,6203
lbhrs,8462
tdtjx,6468
uztnd,5284
myuhu,7874
sexih,8838
tesfc,3363
lvtsl,9276
rdwlt,4458
cmgtu,8054
gunmy,4030
zkiay,7370
cfgvx,2235
zlqie,3767
ywxdc,53
bodev,2539
wdczb,4503
eqhcz,907
uprmy,5154
heeca,240
yjjum,3048
deyfd,759
vzmor,588
duwba,6363
wbofv,4299
raree,2265
izffr,1697
vszob,4176
gbxwq,8727
uqhme,4724
qjtwv,5420
xjozh,699
nrnbi,4543
rkczs,3565
rumzp,1063
uieth,5427
ggeto,9245
msyjs,3385
tawfd,9139
nxfhw,6839
ltxnh,5073
gicgu,4906
pkole,5579
sesec,4621
fnsmt,6928
tgdxy,5072
vhenk,1119
jhsia,8030
wptuf,3805
njvui,1919
etgac,8169
gaqqs,3334
jzvlv,7295
efsed,8433
xvlvk,9964
fvtjz,5754
ofmwb,3218
tuiop,2059
bjqmb,9312
whnyt,3833
qzrdt,4931
vprxj,9047
fucft,6730
nmgbe,6676
iljmn,9372
tyjoe,5310
fpqwq,288
llubo,6973
moppx,9399
mheii,7972
zyfjd,1947
phqzj,5248
gdish,8465
aamzi,4301
hesre,7718
hctzt,3262
wdlnn,6197
onquy,7184
asuri,1423
durup,6985
szusw,5931
crull,8841
ocsnf,4387
hgwsi,2093
rdzbx,7748
mndhm,6949
dkevp,5841
jenxj,7397
zhgev,3079
huelk,9862
jnbuz,1362
uebcz,4139
xdbie,9429
blbrt,99
hgjbh,9142
suzju,1595
urmad,6267
zixqu,7784
khtgf,6395
etbab,1903
ztipp,5647
gssgz,8222
aqmyj,704
wtwdi,9550
epxvc,3615
cgsxp,281
ljzax,3617
cyhdq,3449
raldm,943
qrpmi,4770
caltz,6296
szeih,2028
uxgdj,4263
ijjon,4480
nrkxs,9518
xhtyl,4280
qjvwv,1142
qiomo,83
qkmiw,2838
iawaq,2176
zxlys,5160
imutq,8555
cecdf,220
icvur,2394
fjwoh,9541
ixfkz,3316
lbsrv,1937
zocyz,7783
pwxys,398
vjndu,7749
jfecq,5041
nvuuq,1493
udtvc,3137
wctrs,6295
ydkwe,7220
jmhyt,9201
nrcuz,8084
rbwff,9798
odyxq,1337
ihgun,7364
oextf,3888
vcwjh,4274
cijvf,451
kaoch,7927
viffv,9746
nacmi,4786
oaarl,5646
uvjlx,2417
zxthk,21
svtth,8615
znxhj,1442
wzwsq,854
zdigc,7288
bhtad,4393
jxstc,6117
bjabe,3398
lzhds,2378
riswu,6379
rlfvw,6744
zjuys,5184
izwgl,2472
idswc,5574
vzjpa,1221
nmutz,7250
lbtsn,791
osnri,1829
fgeyt,2141
datcn,9004
oocuy,3950
rditt,3646
jjfqr,9762
ejrgj,155
ngngi,5513
sglfd,4847
iklck,3921
vlzer,2530
xydwb,6829
ezsvo,9784
vucvq,7168
kwufe,4728
ehtgc,8673
iubtk,1273
bcbap,3941
cbcju,5008
yygla,9776
cvpus,7942
oujfs,3078
xfyuy,380
udeyc,776
sotpg,148
fbkxz,3480
tieem,2286
gghsf,4661
fanou,6177
jcexk,5214
awvzd,1845
pjbcm,7245
xjbbs,2874
rfrua,882
xijmb,48
qslkn,3745
jqwxw,7398
tdpik,4542
himnu,870
hezyj,9999
gujyx,9290
mirym,7991
aikas,7707
eamum,9397
hnwkg,4515
bcebs,6724
dtyxq,6069
gzudo,9064
jcygx,5666
zqyge,363
usgeq,7972
dxyiz,1360
zumen,5018
zvpnl,4859
jrpjq,5942
wqniv,9240
zfznk,9598
mvnyp,6285
dyzuq,7072
coadi,6549
oyncj,9958
yjhkg,8511
dnnbt,57
wflmw,6785
fdahz,6832
dgwao,9570
dyloh,642
qleos,6394
kqkwv,2348
nkody,4026
aeitj,3398
mrbsr,1157
wlpcp,4990
fakwp,1141
dihhc,281
turuu,6713
ryenz,9974
lmkta,1143
vgnhb,8874
qxcyw,6783
ynzwh,9222
vnjgt,4415
tccvz,5768
xvxcx,5138
kehsm,7626
xuegv,888
vwtho,2994
khqgd,9877
dqhkg,4760
xgyvw,9464
aolvp,7944
bchgl,1064
whnjf,3739
usoxq,9759
kqzkl,9708
tmhys,5282
wuqtc,1393
jedfh,973
nddfg,7257
eshwt,3151
iwult,6444
inmgc,5202
zbmbb,7405
dygee,8372
ymunl,4856
bbvuc,4981
mtpjl,2972
ndtry,9355
lowrl,4044
jepfx,7374
wvqyv,4087
dzrjb,6973
azupz,129
nmduu,9416
dbhfj,8048
sgrov,4506
rkdqo,4895
hnlmp,2197
zzprb,5692
buqkq,8334
pcvsk,1657
pdkfm,3417
uafvl,4671
ncaxi,417
ofmst,1700
mselt,696
hvvbf,2597
njshc,6136
qsmsz,5475
ycsgk,447
gwpch,5460
gjzkx,3539
ycuob,5229
kvccd,9633
bgozj,9270
ucyqh,2540
bketk,8256
hzebg,189
btpvp,5332
bdpiy,5152
dzufl,2439
jvuqh,8429
unvug,2099
qymzb,270
oqpmp,8267
sfoll,4239
uffti,9030
wefhu,9096
wgoqd,4013
qtvek,7365
dirwu,374
kzujl,9736
ntpye,3239
mfoxm,584
pfbjc,9322
webfq,2038
gliox,6320
lbhpc,2089
lobgr,5444
vdbgw,6207
dbipc,158
cutdg,1868
lxllm,855
czdcm,1283
pzwwq,2777
mhvgs,9398
afnex,3026
fasjr,2002
lkkxj,1961
wadnd,2449
thqdv,4679
kseau,5120
izftq,9634
wfmhu,9314
ncxrd,3690
xrvbs,8742
cwjbj,6150
qbupk,9248
qbxfu,8435
gkjnt,712
kcdoh,1172
vraxo,8452
qouda,6500
ptrnv,4627
nypie,326
xtzpg,1377
ssvsq,7202
ldsma,4516
drtan,9309
cidqz,9672
barwl,822
xpgjp,1754
atzun,9623
lkcjc,3569
lbyla,14
bmnqp,252
nkwkj,2627
qeatq,3022
uujvn,1293
fswnf,8483
heico,1071
cufrp,8388
vhahj,7041
vedgb,9406
runao,9811
coang,2973
pgszu,963
pztbi,1828
unncj,9863
vlylu,2232
zdril,2425
llykj,9272
fajsg,2499
cjljb,6937
asrdc,7588
kkthd,4899
rbimk,2540
qywhg,121
yiilt,7792
inymr,3536
jkekn,2551
mmmhp,81
gkvgm,8097
araij,4377
ktdan,2092
zffrb,4281
barbi,1424
onfqw,395
eidak,8728
akkzt,1423
secmv,6221
rzohr,3031
adyzz,9965
nrbrw,1513
etvit,8088
xwwbb,3216
ocgge,7789
zkxzx,6222
upair,8282
adhir,2269
autcc,9996
estfw,4345
xzica,4540
hxhau,8740
dunsp,4995
pplbi,9658
ofzot,2150
wmpgp,9738
cvzxt,9246
oueeu,989
vvyyb,5688
fbslj,7815
gfmbk,9037
fkxgw,6796
jsjpn,4366
qahvr,6948
gxggr,759
wwtmw,9068
evimu,6415
rgwsm,3676
qdgfk,6371
yjkav,3842
bdnll,422
ccibt,1953
sngnm,3230
wnsmq,8148
ruxwy,4073
erawm,2761
dcxwb,9967
ubena,5688
dshyn,3209
zkxmw,2055
qpyzm,2586
nlrfa,6047
lknsr,6639
xdpos,3066
hzpat,7475
ohuqd,4746
odcti,4635
hagbi,1557
ehzoi,488
pnyua,3943
efubi,1534
eomff,5040
tuxqn,3807
isfad,6075
ifxqf,5393
ctqxf,9553
oihzn,4737
fixvr,5265
tmtsr,103
fyeoz,17
xltmb,3127
mlkkg,3784
fazmk,7910
tfiku,2753
kmxml,6600
vicbr,3374
nwnxy,2767
auwvj,1191
ztrzw,5257
fdtnu,3743
mlsmx,7444
ntuke,8351
flypm,52
tfjym,3033
gkdag,9832
lwciy,2126
jdbkg,1502
ycyah,7565
neyih,6358
bnntv,1936
zybpt,7927
retcr,667
guhsa,2963
pcien,7807
uawyi,4883
cbtzd,2891
ahpht,6547
nuktr,5427
xgtao,9985
zgrja,8416
mnphu,2328
lidcz,3230
glccj,9786
kofnb,4956
zwmik,5041
gerfp,69
ncizx,7896
wrigy,6965
rqgfz,4399
nbnvu,4531
eqldr,6027
birtd,4447
vsvmh,7761
ahdhs,9447
opmik,2131
jfabi,2178
pkpbt,5419
aqpuj,7653
bworc,2327
jfjhq,6646
vtxpm,6446
iilrf,7555
mtxvn,5777
ihbra,509
fffmm,5533
azmrs,9556
mbwib,4208
uztrt,6873
omvcx,3739
pqjct,6894
qhiav,255
vqdqs,8210
ytfrr,8589
zpkne,6956
ownpx,1294
awknq,7202
foekg,1445
qzvxl,1611
aphdw,7962
dlaze,9325
bhxzv,2592
huimu,7621
ugmve,9032
dvrsq,9481
oxnxr,6943
ubrtq,685
yeytd,6821
rqosc,7471
xeerr,5830
lstxx,9182
iubhb,9826
upzyx,9631
senlm,2770
ceoqv,6139
ckejj,1746
rlmso,6413
hqici,3665
xeosz,510
qnenp,8587
thqsy,8240
rxjyo,4362
mzrbu,1301
gjtcf,8023
zmabk,4421
znpca,980
poqjb,606
rdxkf,7690
cgnnq,2441
vunid,969
biyht,4100
zizsw,1603
fgplv,7426
ymhnh,5298
lfhji,51
dajzf,6356
dchlj,4087
wrszs,4725
zmubo,403
nigbn,1312
gpfly,5955
beoge,5563
fhhye,9983
twnwc,9436
qxjxl,9203
xpmpx,2884
xyddd,2388
whgfq,7969
ivcay,862
lvlgv,1581
oxzji,3614
bkxye,617
yvkyn,3740
dzyrc,8224
rdnku,6960
wyvir,5428
afvcr,2843
cvdwx,9133
cnwtw,5294
ujklh,5045
pynqv,608
hixny,2610
qkfwz,9202
txrpc,8520
bhraa,746
kndrl,5743
dfhby,2104
ilvuz,6349
kgiyp,3005
agkpf,8725
ozzzs,5869
pdszu,2927
blsid,3662
uksdr,2116
ekosk,2997
vfqsq,3093
jxgua,9030
uilnw,4965
tfveo,3919
unbvm,1951
axyjv,1814
kedyf,4241
wfgui,468
uirpr,9634
bazqc,2589
xrfpn,8490
rulod,9081
jdcms,5212
rmihx,1230
tgkhh,1151
fwuhh,9774
qoptp,6397
meeaw,5587
cxrsu,1455
jhcum,9467
mjtmw,4253
uslnf,7204
llwoz,3355
urndq,686
gapcn,4564
vucwx,6409
wnkuk,5388
zpibs,9220
ywvzv,60
flpce,1549
wqwhx,6930
njtri,6779
omyrz,173
oerry,9698
vstte,8745
vsqpj,7201
jgbul,7497
syfku,8637
dupga,8278
irhcz,7271
prmju,2642
einjt,2405
rtncb,2618
cmmto,5712
uruor,1655
wrthw,5231
tgdxe,4545
gndeo,6385
bscyu,2691
trhdf,1149
tntud,9619
zpwbk,4269
eehly,1111
phadd,9103
obkcp,4709
plunw,5268
hpgcv,4691
rezcr,5847
aydsg,919
cpntg,3401
hbddn,3112
tksgm,1441
qlewp,6324
ojgyy,1432
jslkp,8425
lnpno,4649
yintu,6453
mdoam,3494
sovhn,5658
gqrsy,8049
fsnvk,2941
svwwo,751
elqvm,5255
scvha,5149
bnwhj,3293
iiqav,3677
wamid,1513
hkidv,4329
ndakf,7177
fpcoy,6979
fumau,3713
bjdqy,6893
oksbf,7180
rdunk,5740
kignt,9117
nartq,9061
abdph,4460
pnxhd,3822
khzwm,9502
lkmih,176
fwovv,2220
aamhf,8097
plfqb,5429
qgkai,1965
hkuxn,2434
ncall,4544
ypogl,4909
dvxck,6122
sbefc,3753
couci,4787
zqevu,5662
hszab,53
cxzpn,1028
zywuk,4109
qonuk,2634
fxpes,3059
bgrlt,9372
lmilt,4510
bqgzb,4955
nileg,7777
mdmas,8191
jzlfy,8863
xxfsf,9034
txtrq,4182
pdlck,3118
blnbp,4708
imygz,6941
fsgtn,5952
cfrku,6284
lzxxd,8762
qpoat,1783
spwqr,1502
tlast,7833
yhqag,5678
iieim,4238
jqzrq,4485
czkua,4148
okxcz,7127
bmwrl,6936
elcbt,1086
veoyj,677
rcbks,9735
twvto,5854
ckbie,3881
nibfy,9826
dmrdv,2953
uxkve,423
ehwms,4592
jcpxw,6814
xuocx,400
evgtl,6504
pmcht,538
mppfh,8953
jbeaw,739
yljht,8940
pfftd,2077
gscfp,6255
xkmpl,6638
haflr,2837
aooik,845
ogtmt,3812
fkoii,2874
imbhb,5270
zqffj,1113
uwysi,8871
avdhv,7132
vlylu,1588
cmzlt,9047
xxlxe,8045
ksyro,9554
lncvp,3004
lvjds,7182
nopfw,2568
anatn,9594
kyivs,4634
lijtq,3920
vdatx,2045
atmpy,1235
jklwo,5688
ajemv,356
rglhs,9622
sjhfn,117
oaqll,5968
caeus,9222
yzxea,3992
ucovw,8635
oakck,5374
pegal,3279
ntzel,6187
euegi,7564
yeans,5584
qvpnl,2937
xezwg,1569
flqbw,5262
nqvai,5593
ksaqg,5425
qjyid,9960
drktx,8001
ucrbh,5285
grnqn,308
lyofk,9335
jvxcv,7495
rqxhp,3736
ddbdz,8654
qninl,1011
jvodv,4163
hwwyf,1394
jsizs,5663
hrxho,6760
gmrmo,7193
pejzd,7855
uhfjt,9053
zaxld,777
yhxgi,4961
kulat,9383
vxwvm,8020
lcgow,1931
hxtro,1849
rtiab,2872
ahghp,65
jmeou,4226
pynju,33
tcmje,5421
zgbgi,5494
thuoa,5915
aneip,7280
kieyg,1207
vxjxk,1910
ehlye,174
vyhhy,4324
jkyrd,9830
lmrvv,3479
pitwp,2791
zhhmz,7859
vvpny,2816
kzaeo,2295
hdncu,4778
gugul,7717
gfcmh,7453
eirbt,1635
nqklo,346
yldww,9283
ikjqk,9645
azwgq,3413
cxqsd,3181
tajdk,4693
iyliz,9950
thzdv,4646
uysyy,6428
eqwse,8883
gfdgn,9502
yzudl,224
buqpy,4335
therb,9034
fxnsn,4986
bxnne,1787
gegtw,5974
ckyzr,8471
mpkqs,4335
nwiqx,5038
diokg,3974
bqpeq,8569
uelao,7354
litvs,261
woawm,3692
dhafq,4725
pcfol,7928
jsyow,3378
yirms,759
ksmla,4949
wbbfv,7001
cusqs,7336
tcxaf,7416
rzpol,2119
pvxpe,8014
rrrji,6131
vsuuf,589
fbuaz,3473
kqxna,8968
tfgkd,6273
rdhnz,7116
lzqnc,3381
sqyuc,7800
knyzn,2997
knwqb,4068
tazlb,7946
kzxwd,249
umwkb,1032
hxvtz,4580
usvun,2505
zkmec,1900
bghyw,2217
mlapl,2143
ebees,5573
ldtke,8562
uitxz,4781
orklc,8756
qypym,5287
wodnl,1693
xiqbi,1594
zsugp,4904
qsahs,6903
xcwqs,8028
fktae,7180
craqx,1758
gragb,2410
sltky,5089
vliet,5809
jqcfu,8548
arosk,5801
sknrh,6778
oesfa,5467
trvpq,535
mdlaz,66
dvsbv,5706
ckrex,5014
jixvn,5504
eodid,4465
bsafo,1459
zeogg,4323
ydijh,9212
boxlp,3115
frypp,6467
cnkua,9724
uczbh,2728
pkpqy,8480
kaiki,3663
wvrsf,9532
hgpwy,7081
fblyl,5782
wqdhg,2609
kulyi,6994
xbilo,3159
mtfdc,6915
mxusg,3268
iohgd,429
dprfl,7272
owwpl,4899
vumyh,9106
txrhf,2888
skoxk,5336
oguqt,2448
qldof,3695
puade,6132
cgyhr,1073
cfvqg,680
tnenv,7505
dcbea,6228
cyanf,6187
xhstb,6549
byoww,4069
wcept,573
tftot,2927
kgdrl,38
ykvuq,7177
iitws,8649
ngvog,1973
tmfmx,4678
soflo,3313
mbrpp,1311
gqzao,1081
iriwe,7439
qaaal,5982
tvpbb,5922
qbxhc,2400
itkmz,6548
qtxji,1136
umqhx,7130
aswrj,8911
kjplf,8300
ebrab,5348
lvjtw,5588
xgkvf,2900
oesxy,6402
ekual,948
sixyk,9439
phsbp,1905
cwwnk,9918
egmfs,4765
cmtno,5859
ldpcx,66
xbxus,8352
vvqhy,9686
hxlmi,2451
ccaat,5304
tsmhg,4947
stjte,690
divut,828
incrx,5259
xhons,1736
qubnu,9550
bstmr,7150
nwjvq,7421
zsqee,2406
fyquf,4871
clmyk,6955
cqeqe,1378
apfph,1532
kzyez,6659
itzzx,4057
ztllg,3614
kytsr,1232
jdncw,7082
tmccu,5846
kdwpe,7789
bcxlk,8799
itjri,1618
eiipf,9772
dzqht,5924
kwkhk,1368
upjkw,7268
rofzf,8324
izcmp,8424
eukla,6163
namvy,6998
ilwkh,2318
qszwo,3378
begkx,7394
dayka,2114
sovfe,4783
pgekm,8042
blwja,3340
gvtot,6731
dntcf,264
luval,7962
qluzn,9694
faqft,1021
tnawq,6837
fzsup,1650
umypy,7699
mygxp,2423
vuxgn,644
ogdde,1246
vxoot,8161
wrtqi,6495
bpwju,5254
lvcam,2098
evrax,4861
ktnmc,1575
iczjy,656
cmkys,6686
stkpu,3447
fbqdv,3954
rzfrq,9181
ztspv,827
mctos,4343
ovgio,2718
hhzlg,8166
kvcdj,2578
nspis,744
hzwbg,5951
rdyxd,1659
onhua,6786
rafnu,5236
mhkfi,2472
kxabd,5980
bjqrj,688
yhnfr,1111
xojxm,5801
wkcaj,6423
pnxwl,8518
epyqo,6923
gzpde,9504
jsqbx,4925
zvecz,5535
htcoq,5337
fgnzn,5634
fsmfb,994
jwvtz,4399
ysnlq,9838
kooii,413
rnnyh,705
sxubt,9344
kiltm,5340
jniwp,3858
srbbd,1064
idjfc,6049
fxpaj,1262
sdyrj,2521
jioje,9555
jhjhy,7666
dyswj,8114
bvhdm,7028
ayvsv,1160
tmjmx,9908
qwxqf,1160
rfegx,8583
ollxh,7676
glbuv,653
teeuj,7204
wpqhn,1142
omtom,6608
rgsol,1970
trvxk,3054
jwxuz,8407
vsltw,9470
nchxq,5007
xvutw,6728
lkete,7345
ittcj,1777
awnvk,684
glfsr,4940
hhesh,2393
njamk,9549
fmmlc,1585
jjxfo,2937
cyhzy,7043
elwht,9618
jinha,3022
jydwy,5236
uqemf,1978
qlerz,3550
ubfcv,3670
omggp,8310
mfzpf,1439
xywwc,7490
jdshb,8709
ynzlj,8781
vcclr,2007
aqafh,2724
gbevd,914
sifpo,3189
zyqyb,477
mwrru,4274
aokod,7611
apzrh,7861
yogtn,5
yraxv,7324
yvngn,3931
stqqz,9962
ltbne,6204
pvxgo,3781
bjxgq,5298
oklud,3279
mgkfe,7373
xdfsp,3781
jqxgf,4568
wdijd,4770
hrfny,5542
cndww,9440
mbxta,1764
emmfy,468
qxdrn,7495
wajup,660
jhfwq,6828
eqpkg,1764
amdtf,7480
nenap,5284
nrzvi,8313
ulhvi,5638
zewwy,5755
xicrk,8418
zpsmi,3466
ktmra,4898
agsmm,9673
vwisy,8219
xotjk,7607
fdtpf,6962
amqpe,6473
zvqli,7944
ocyey,3247
zdnmn,2261
fcniu,9460
epzxq,6588
edzqh,1881
wlycx,5802
zvjbo,1755
loxeg,2887
tabog,3863
kbvxf,7949
lpkrb,4294
ufwgd,16
uvnag,4321
csxqz,2980
rljzo,7254
joecr,774
tmajo,5520
qzivz,6472
arkrw,6588
zxrdj,5553
tlzdu,8608
eyadu,5074
nkurr,9848
tnthi,7923
goycz,187
yvkgk,4706
zhjuy,7974
dqqhj,5099
kamtr,1619
gfxpm,5768
tmuyj,2230
rktyh,3136
whtyg,1510
qcsdr,6380
fmqlc,7971
aacfm,9120
sewvx,4301
ljyjm,7235
yrgyt,9412
cdhar,5188
dsmvj,386
ndjqp,4104
vapjq,2080
xmzmj,1658
ltloh,5704
sqfav,6554
hvnqa,2145
thezl,9098
vlefn,1208
zxlvc,3934
bpnum,4278
bqyxu,1619
ecpeg,5179
woaba,2176
qlppn,2251
mreic,6201
icohd,3768
yypvb,7479
gvwzp,8934
duyiy,5365
wpigl,7741
mwyah,5419
zcbgy,4874
badlp,2991
vgwki,5824
kacjj,6545
uibrf,7144
uvsnr,5581
supkh,7594
spmsv,2013
uyaia,2633
fvhlv,3775
thxuz,1340
pufvn,5318
wzxxg,2464
fluqj,1438
cwnng,4823
ikdse,8671
zujxc,6706
wtfap,2096
doanr,9375
hhuql,5086
bcgpr,1078
ejdom,5049
xqmpj,247
etbtp,9714
laeom,9812
envnx,5956
atira,8654
kczkr,6503
evfua,1360
oysfb,9199
htwaj,3438
npkus,8719
hnhgq,6119
hnjuy,1827
alxvx,2783
mxnww,4389
onwiu,7865
nigjn,1387
mtziv,8903
fuszf,222
tdhha,3060
boxlj,2451
qwfui,1146
vhdct,65
odnpz,4727
kecsr,9134
cgmih,5432
baqrm,6445
xfotz,63
rkkae,3422
aukmr,459
qzilh,6242
avgfq,3471
cjmfa,1595
lobcf,3609
zmjak,4075
ovpjz,9197
xrcbz,3570
gqehb,1981
kngil,9427
gnbcl,242
alovf,2455
nzigv,6483
cbfmp,6076
qsqte,2734
mkanu,4123
guaix,9403
mddhv,4890
nlmmf,7446
rrdoq,9113
viknz,8411
giimc,3535
eifxe,2620
ywogf,1660
eegmm,2390
zjvrg,9153
ubrev,4805
zbtsn,3159
ywngv,7059
pwfpu,2560
akkie,6862
zdscg,9863
fttaa,791
vnokc,5030
xtvxp,4829
wtzrx,7135
azefj,3571
hrqlk,1204
jpvdm,7831
qziui,5040
grxfl,4516
acgpq,4197
nnktd,7697
vsvra,2590
sykrd,5894
bpche,1437
lnizw,7480
pkgee,454
sdrms,4068
eawla,2310
qfjtc,555
wughb,4421
jjtmm,282
uyvkv,1152
shhbw,4469
zmnbs,4434
bssja,6752
fufjb,1653
ofjqa,6230
aowyr,6501
oxidy,5948
zmjup,1213
qcusv,8212
hbevy,7272
awojl,3537
jqtxj,6329
muxub,6354
pauug,3604
voeuo,7889
hctgm,2539
firan,4835
bligr,1913
aoajl,1588
geczp,4997
wwozv,3905
xcvzc,4610
rjela,2875
zxwie,8231
furjv,47
ggvdl,3438
kzpzs,7457
mjohd,6132
bnbvl,159
sslhv,2004
zngwt,3599
llxrt,5735
wmgva,3925
vyzng,2324
cwyme,5947
zcwth,841
objri,1063
ethve,2664
ruust,5993
pxwpu,4045
qmdhb,2619
uvhje,6508
skpne,9629
exlqo,8209
eitge,8010
jtqkw,4936
lvort,4705
crvqf,947
zhksh,1960
iouti,7229
ouruo,4032
tawwn,8181
mgxcz,8042
nhdvs,7000
eiwmv,1747
cqunm,5297
nltbg,7990
pbtyi,3661
mxmfj,3491
ccleu,6994
ocvbd,8457
sinwb,1522
ecfbe,3298
dbuft,9343
ggvef,9409
reule,1340
cyuwg,2663
waher,139
fcxgl,832
kxtii,1602
fgzmr,9679
ulzei,6084
vkypj,6925
blgio,9375
xppbj,8707
pgsmu,7863
vbxud,9466
cayov,3001
hczfq,3486
tettw,6668
jeyex,4528
aakox,1453
fzimf,9124
rnpog,8217
bwtyd,9226
fabdt,7665
ghvex,892
fwvxc,2833
sljnz,7673
bbkgo,5624
niytv,264
qxksf,2632
tkqdg,7821
cxzyp,3538
emyun,1110
aiozi,9376
vwspc,3379
zzlep,7887
phljx,1498
kdhzt,9044
jdrii,7475
sbjrj,5656
lmwcw,9018
zebvc,1677
ilytv,7245
xvoee,4555
usapj,56
brlxw,7553
sdykl,1030
fdllm,3539
sryxw,5959
uxlvb,3246
